delete,
erase,
wipe,
clear,
remove,
destroy,
hide,
hidden,
conceal,
cover,
cover up,
burn,
shred,
encrypt,
encrypted,
password protect,
lock file,
secure delete,
secure erase,
factory reset,
metadata,
EXIF,
remove metadata,
scrub,
clean phone,
clean device,
clean history,
clear history,
delete history,
clear cache,
clear logs,
delete logs,
private mode,
incognito,
VPN,
Tor,
proxy,
spoof,
fake GPS,
location spoof,
airplane mode,
Faraday,
jammer,
burner,
new SIM,
new account,
fake account,
alias,
do not text,
don’t text,
don't text,
use signal,
use telegram,
use snap,
