factory reset,
reset phone,
erase all content,
wipe,
remote wipe,
Find My iPhone,
Find My Device,
iCloud lock,
activation lock,
backup,
restore,
new phone,
old phone,
second phone,
burner,
SIM,
SIM card,
eSIM,
IMEI,
serial,
device ID,
MAC address,
Bluetooth,
Wi-Fi,
hotspot,
airplane mode,
VPN,
proxy,
Tor,
location services,
disable location,
turn off location,
permissions,
app permissions,
delete app,
uninstall,
clear cache,
clear data,
secure folder,
hidden folder,
locked folder,
private space,
work profile,
MDM,
profile,
configuration profile,
