how to delete messages,
how to wipe phone,
how to factory reset,
how to hide location,
how to turn off location,
how to remove metadata,
how to delete photos permanently,
how to recover deleted messages,
how to bypass phone lock,
how to hide apps,
private browser,
incognito,
VPN,
Tor,
proxy,
burner phone,
temporary number,
fake number,
encrypted messaging,
secure messaging,
anonymous email,
proton mail,
tutanota,
remove EXIF,
metadata remover,
file shredder,
secure erase,
find my phone,
remote wipe,
iCloud erase,
Google Find My Device,
